acc,accuracy,rec,prec,f1,avg_spd,avg_equal_opportunity,client_id, race
0.7741935483870968,0.774193525314331,0.7741935483870968,0.7741935483870968,0.7741935483870968,0.07637749013706403,0.6265013842241837,2f841b30-d98c-11ee-bae1-969f99e46db2,5
0.7765830346475507,0.7765830159187317,0.7765830346475507,0.7765830346475507,0.7765830346475507,0.21916033461168052,0.3755990032585777,31507e22-d98c-11ee-a79a-969f99e46db2,6
0.7956989247311828,0.7956989407539368,0.7956989247311828,0.7956989247311828,0.7956989247311828,0.24277954706782945,0.6285345252642185,2d83e072-d98c-11ee-9961-969f99e46db2,4
0.7741935483870968,0.774193525314331,0.7741935483870968,0.7741935483870968,0.7741935483870968,0.23789130867835362,0.48428387086652464,29eefd66-d98c-11ee-95fc-969f99e46db2,1
0.7956989247311828,0.7956989407539368,0.7956989247311828,0.7956989247311828,0.7956989247311828,0.07113617476888603,0.6215190357449772,340510c4-d98c-11ee-8e81-969f99e46db2,7
0.7909199522102748,0.7909199595451355,0.7909199522102748,0.7909199522102748,0.7909199522102748,0.12342557333667344,0.5968450009485866,2af7b96e-d98c-11ee-be0e-969f99e46db2,2
0.8004778972520908,0.800477921962738,0.8004778972520908,0.8004778972520908,0.8004778972520908,0.17987333766343336,0.6103610475464022,3715b14c-d98c-11ee-a7cd-969f99e46db2,9
0.7825567502986858,0.7825567722320557,0.7825567502986858,0.7825567502986858,0.7825567502986858,0.09838638252678972,0.5910774410774411,35c804e8-d98c-11ee-981e-969f99e46db2,8
0.7813620071684588,0.781361997127533,0.7813620071684588,0.7813620071684588,0.7813620071684588,0.1896042286549,0.5725749559082893,2c1e1d7e-d98c-11ee-bd3d-969f99e46db2,3
0.8028673835125448,0.8028674125671387,0.8028673835125448,0.8028673835125448,0.8028673835125448,0.06467821259197591,0.6082024669890779,340510c4-d98c-11ee-8e81-969f99e46db2,7
0.7801672640382318,0.780167281627655,0.7801672640382318,0.7801672640382318,0.7801672640382318,0.08963970705390023,0.42132558090004896,31507e22-d98c-11ee-a79a-969f99e46db2,6
0.7921146953405018,0.7921146750450134,0.7921146953405018,0.7921146953405018,0.7921146953405018,0.21121433937345727,0.4762013729977117,3715b14c-d98c-11ee-a7cd-969f99e46db2,9
0.8052568697729988,0.8052568435668945,0.8052568697729988,0.8052568697729988,0.8052568697729988,0.1976975188358553,0.6136600424464596,2d83e072-d98c-11ee-9961-969f99e46db2,4
0.7765830346475507,0.7765830159187317,0.7765830346475507,0.7765830346475507,0.7765830346475507,0.18986802730271204,0.5829398996065663,2c1e1d7e-d98c-11ee-bd3d-969f99e46db2,3
0.7670250896057348,0.7670251131057739,0.7670250896057348,0.7670250896057348,0.7670250896057348,0.16895029984553325,0.6003016147567668,29eefd66-d98c-11ee-95fc-969f99e46db2,1
0.7610513739545998,0.76105135679245,0.7610513739545998,0.7610513739545998,0.7610513739545998,0.22974151152830172,0.6121218828390143,2af7b96e-d98c-11ee-be0e-969f99e46db2,2
0.7956989247311828,0.7956989407539368,0.7956989247311828,0.7956989247311828,0.7956989247311828,0.13849407327024346,0.6432379349046016,35c804e8-d98c-11ee-981e-969f99e46db2,8
0.7718040621266428,0.7718040347099304,0.7718040621266428,0.7718040621266428,0.7718040621266428,0.11495496420941664,0.6071276697301848,2f841b30-d98c-11ee-bae1-969f99e46db2,5
0.8052568697729988,0.8052568435668945,0.8052568697729988,0.8052568697729988,0.8052568697729988,0.2518117912072035,0.6285774004759149,2d83e072-d98c-11ee-9961-969f99e46db2,4
0.7968936678614098,0.7968936562538147,0.7968936678614098,0.7968936678614098,0.7968936678614098,0.0821068754471644,0.6245403829085837,340510c4-d98c-11ee-8e81-969f99e46db2,7
0.7789725209080047,0.7789725065231323,0.7789725209080047,0.7789725209080047,0.7789725209080047,0.1978723157381741,0.6010175010175011,2c1e1d7e-d98c-11ee-bd3d-969f99e46db2,3
0.7586618876941458,0.7586618661880493,0.7586618876941458,0.7586618876941458,0.7586618876941458,0.217143001855762,0.6065028773793714,2af7b96e-d98c-11ee-be0e-969f99e46db2,2
0.7634408602150538,0.7634408473968506,0.7634408602150538,0.7634408602150538,0.7634408602150538,0.14812591017501778,0.6313906832809724,29eefd66-d98c-11ee-95fc-969f99e46db2,1
0.7933094384707288,0.7933094501495361,0.7933094384707288,0.7933094384707288,0.7933094384707288,0.14187484424035565,0.6373456790123456,35c804e8-d98c-11ee-981e-969f99e46db2,8
0.7945041816009558,0.7945041656494141,0.7945041816009558,0.7945041816009558,0.7945041816009558,0.15908226368782313,0.5035384354606323,3715b14c-d98c-11ee-a7cd-969f99e46db2,9
0.7634408602150538,0.7634408473968506,0.7634408602150538,0.7634408602150538,0.7634408602150538,0.11636079870665515,0.6081148515538892,2f841b30-d98c-11ee-bae1-969f99e46db2,5
0.7861409796893668,0.7861409783363342,0.7861409796893668,0.7861409796893668,0.7861409796893668,0.12467898686026481,0.42093156986774005,31507e22-d98c-11ee-a79a-969f99e46db2,6
0.7849462365591398,0.7849462628364563,0.7849462365591398,0.7849462365591398,0.7849462365591398,0.19144872512688121,0.6027269027269028,2c1e1d7e-d98c-11ee-bd3d-969f99e46db2,3
0.7968936678614098,0.7968936562538147,0.7968936678614098,0.7968936678614098,0.7968936678614098,0.09305745318138532,0.6254701830015637,340510c4-d98c-11ee-8e81-969f99e46db2,7
0.7968936678614098,0.7968936562538147,0.7968936678614098,0.7968936678614098,0.7968936678614098,0.16862958051433172,0.503148571912874,3715b14c-d98c-11ee-a7cd-969f99e46db2,9
0.7933094384707288,0.7933094501495361,0.7933094384707288,0.7933094384707288,0.7933094384707288,0.14821148256436664,0.6031986531986532,35c804e8-d98c-11ee-981e-969f99e46db2,8
0.7538829151732378,0.7538829445838928,0.7538829151732378,0.7538829151732378,0.7538829151732378,0.21339686569184657,0.6084270326102996,2af7b96e-d98c-11ee-be0e-969f99e46db2,2
0.7825567502986858,0.7825567722320557,0.7825567502986858,0.7825567502986858,0.7825567502986858,0.12331700071263962,0.4194300683662386,31507e22-d98c-11ee-a79a-969f99e46db2,6
0.8064516129032258,0.8064516186714172,0.8064516129032258,0.8064516129032258,0.8064516129032258,0.2495884046856207,0.6339260831350355,2d83e072-d98c-11ee-9961-969f99e46db2,4
0.7622461170848268,0.7622461318969727,0.7622461170848268,0.7622461170848268,0.7622461170848268,0.14306555670192936,0.5801122524621412,29eefd66-d98c-11ee-95fc-969f99e46db2,1
0.7646356033452808,0.7646356225013733,0.7646356033452808,0.7646356033452808,0.7646356033452808,0.1325706556255223,0.6225526569293655,2f841b30-d98c-11ee-bae1-969f99e46db2,5
0.7801672640382318,0.780167281627655,0.7801672640382318,0.7801672640382318,0.7801672640382318,0.1912896023301048,0.6070275403608737,2c1e1d7e-d98c-11ee-bd3d-969f99e46db2,3
0.7550776583034647,0.7550776600837708,0.7550776583034647,0.7550776583034647,0.7550776583034647,0.16789221122055684,0.5856425100309459,29eefd66-d98c-11ee-95fc-969f99e46db2,1
0.7909199522102748,0.7909199595451355,0.7909199522102748,0.7909199522102748,0.7909199522102748,0.15407182729514407,0.5619247393846937,3715b14c-d98c-11ee-a7cd-969f99e46db2,9
0.7861409796893668,0.7861409783363342,0.7861409796893668,0.7861409796893668,0.7861409796893668,0.1283916215766888,0.424797137563095,31507e22-d98c-11ee-a79a-969f99e46db2,6
0.7968936678614098,0.7968936562538147,0.7968936678614098,0.7968936678614098,0.7968936678614098,0.22742631498639487,0.6370130983771732,2d83e072-d98c-11ee-9961-969f99e46db2,4
0.7897252090800478,0.7897251844406128,0.7897252090800478,0.7897252090800478,0.7897252090800478,0.11949406204973373,0.6060044893378227,35c804e8-d98c-11ee-981e-969f99e46db2,8
0.7598566308243727,0.759856641292572,0.7598566308243727,0.7598566308243727,0.7598566308243727,0.12385627949513905,0.6267671639459501,2f841b30-d98c-11ee-bae1-969f99e46db2,5
0.7945041816009558,0.7945041656494141,0.7945041816009558,0.7945041816009558,0.7945041816009558,0.08814894805037489,0.6558612625558232,340510c4-d98c-11ee-8e81-969f99e46db2,7
0.7562724014336918,0.7562723755836487,0.7562724014336918,0.7562724014336918,0.7562724014336918,0.23410550428631396,0.6118326693227092,2af7b96e-d98c-11ee-be0e-969f99e46db2,2
0.7646356033452808,0.7646356225013733,0.7646356033452808,0.7646356033452808,0.7646356033452808,0.15791524261400208,0.5784414086860343,29eefd66-d98c-11ee-95fc-969f99e46db2,1
0.7670250896057348,0.7670251131057739,0.7670250896057348,0.7670250896057348,0.7670250896057348,0.22285475703727986,0.6060602036299247,2af7b96e-d98c-11ee-be0e-969f99e46db2,2
0.7813620071684588,0.781361997127533,0.7813620071684588,0.7813620071684588,0.7813620071684588,0.12332262572806761,0.626319135272115,2f841b30-d98c-11ee-bae1-969f99e46db2,5
0.8076463560334528,0.8076463341712952,0.8076463560334528,0.8076463560334528,0.8076463560334528,0.08488654069211869,0.5929307017173127,340510c4-d98c-11ee-8e81-969f99e46db2,7
0.7909199522102748,0.7909199595451355,0.7909199522102748,0.7909199522102748,0.7909199522102748,0.12459041490752415,0.4186420463016208,31507e22-d98c-11ee-a79a-969f99e46db2,6
0.7945041816009558,0.7945041656494141,0.7945041816009558,0.7945041816009558,0.7945041816009558,0.12735925495544123,0.6001122334455667,35c804e8-d98c-11ee-981e-969f99e46db2,8
0.8016726403823178,0.801672637462616,0.8016726403823178,0.8016726403823178,0.8016726403823178,0.22957071889177041,0.6327094990031513,2d83e072-d98c-11ee-9961-969f99e46db2,4
0.8028673835125448,0.8028674125671387,0.8028673835125448,0.8028673835125448,0.8028673835125448,0.20026778066064263,0.6027269027269028,2c1e1d7e-d98c-11ee-bd3d-969f99e46db2,3
0.8052568697729988,0.8052568435668945,0.8052568697729988,0.8052568697729988,0.8052568697729988,0.15985130319022733,0.5031994236799728,3715b14c-d98c-11ee-a7cd-969f99e46db2,9
0.7980884109916367,0.7980884313583374,0.7980884109916367,0.7980884109916367,0.7980884109916367,0.1294956969130195,0.6027777777777777,35c804e8-d98c-11ee-981e-969f99e46db2,8
0.8064516129032258,0.8064516186714172,0.8064516129032258,0.8064516129032258,0.8064516129032258,0.09961637577529825,0.5659066255300566,340510c4-d98c-11ee-8e81-969f99e46db2,7
0.7670250896057348,0.7670251131057739,0.7670250896057348,0.7670250896057348,0.7670250896057348,0.15377745879157875,0.5784414086860343,29eefd66-d98c-11ee-95fc-969f99e46db2,1
0.7825567502986858,0.7825567722320557,0.7825567502986858,0.7825567502986858,0.7825567502986858,0.10998175238130693,0.6268582884219844,2f841b30-d98c-11ee-bae1-969f99e46db2,5
0.8100358422939068,0.8100358247756958,0.8100358422939068,0.8100358422939068,0.8100358422939068,0.15980865603160943,0.5035892872277312,3715b14c-d98c-11ee-a7cd-969f99e46db2,9
0.7909199522102748,0.7909199595451355,0.7909199522102748,0.7909199522102748,0.7909199522102748,0.12208435346962317,0.42053755883543115,31507e22-d98c-11ee-a79a-969f99e46db2,6
0.8064516129032258,0.8064516186714172,0.8064516129032258,0.8064516129032258,0.8064516129032258,0.23127491896234123,0.6108785130876584,2d83e072-d98c-11ee-9961-969f99e46db2,4
0.8076463560334528,0.8076463341712952,0.8076463560334528,0.8076463560334528,0.8076463560334528,0.1855594778611942,0.5863587030253697,2c1e1d7e-d98c-11ee-bd3d-969f99e46db2,3
0.7658303464755077,0.7658303380012512,0.7658303464755077,0.7658303464755077,0.7658303464755077,0.2210602380655603,0.6047321823815848,2af7b96e-d98c-11ee-be0e-969f99e46db2,2
0.8088410991636799,0.8088411092758179,0.8088410991636799,0.8088410991636799,0.8088410991636799,0.188617983440166,0.5820580653913988,2c1e1d7e-d98c-11ee-bd3d-969f99e46db2,3
0.8112305854241338,0.8112305998802185,0.8112305854241338,0.8112305854241338,0.8112305854241338,0.1668948894080208,0.4754216459021951,3715b14c-d98c-11ee-a7cd-969f99e46db2,9
0.7849462365591398,0.7849462628364563,0.7849462365591398,0.7849462365591398,0.7849462365591398,0.11348748888695263,0.607218794206219,2f841b30-d98c-11ee-bae1-969f99e46db2,5
0.7682198327359617,0.7682198286056519,0.7682198327359617,0.7682198327359617,0.7682198327359617,0.1936991642247977,0.5864923375281941,2af7b96e-d98c-11ee-be0e-969f99e46db2,2
0.8052568697729988,0.8052568435668945,0.8052568697729988,0.8052568697729988,0.8052568697729988,0.12261694680870851,0.6003928170594838,35c804e8-d98c-11ee-981e-969f99e46db2,8
0.8064516129032258,0.8064516186714172,0.8064516129032258,0.8064516129032258,0.8064516129032258,0.10227762575824241,0.5649768254370765,340510c4-d98c-11ee-8e81-969f99e46db2,7
0.7921146953405018,0.7921146750450134,0.7921146953405018,0.7921146953405018,0.7921146953405018,0.12202788150910611,0.4189615147061956,31507e22-d98c-11ee-a79a-969f99e46db2,6
0.7706093189964157,0.7706093192100525,0.7706093189964157,0.7706093189964157,0.7706093189964157,0.1489436473030021,0.5767705649099274,29eefd66-d98c-11ee-95fc-969f99e46db2,1
0.8064516129032258,0.8064516186714172,0.8064516129032258,0.8064516129032258,0.8064516129032258,0.24400094030507027,0.6077914978455206,2d83e072-d98c-11ee-9961-969f99e46db2,4
0.8076463560334528,0.8076463341712952,0.8076463560334528,0.8076463560334528,0.8076463560334528,0.18703763407512186,0.5833265499932166,2c1e1d7e-d98c-11ee-bd3d-969f99e46db2,3
0.7945041816009558,0.7945041656494141,0.7945041816009558,0.7945041816009558,0.7945041816009558,0.12464945152032536,0.5971661054994387,35c804e8-d98c-11ee-981e-969f99e46db2,8
0.7968936678614098,0.7968936562538147,0.7968936678614098,0.7968936678614098,0.7968936678614098,0.21471611358409426,0.3838199902029689,31507e22-d98c-11ee-a79a-969f99e46db2,6
0.8076463560334528,0.8076463341712952,0.8076463560334528,0.8076463560334528,0.8076463560334528,0.20666703814430332,0.6058781915235706,2d83e072-d98c-11ee-9961-969f99e46db2,4
0.7897252090800478,0.7897251844406128,0.7897252090800478,0.7897252090800478,0.7897252090800478,0.12432280879864628,0.6235398387530701,2f841b30-d98c-11ee-bae1-969f99e46db2,5
0.8100358422939068,0.8100358247756958,0.8100358422939068,0.8100358422939068,0.8100358422939068,0.15585981371132088,0.5008093906263242,3715b14c-d98c-11ee-a7cd-969f99e46db2,9
0.8160095579450418,0.8160095810890198,0.8160095579450418,0.8160095579450418,0.8160095579450418,0.09197585637173811,0.5927546032148543,340510c4-d98c-11ee-8e81-969f99e46db2,7
0.7765830346475507,0.7765830159187317,0.7765830346475507,0.7765830346475507,0.7765830346475507,0.15549478035099423,0.5771882758539542,29eefd66-d98c-11ee-95fc-969f99e46db2,1
0.7801672640382318,0.780167281627655,0.7801672640382318,0.7801672640382318,0.7801672640382318,0.22303104493822315,0.6066563376125129,2af7b96e-d98c-11ee-be0e-969f99e46db2,2
0.8195937873357229,0.8195937871932983,0.8195937873357229,0.8195937873357229,0.8195937873357229,0.12231787992062637,0.5663715255765465,340510c4-d98c-11ee-8e81-969f99e46db2,7
0.8088410991636799,0.8088411092758179,0.8088410991636799,0.8088410991636799,0.8088410991636799,0.18135277311166775,0.5622710622710624,2c1e1d7e-d98c-11ee-bd3d-969f99e46db2,3
0.7729988052568698,0.7729988098144531,0.7729988052568698,0.7729988052568698,0.7729988052568698,0.1882543789785948,0.587820358776534,2af7b96e-d98c-11ee-be0e-969f99e46db2,2
0.7956989247311828,0.7956989407539368,0.7956989247311828,0.7956989247311828,0.7956989247311828,0.21171330971726673,0.41974953677081334,31507e22-d98c-11ee-a79a-969f99e46db2,6
0.8124253285543608,0.8124253153800964,0.8124253285543608,0.8124253285543608,0.8124253285543608,0.23505109271505933,0.607834373057217,2d83e072-d98c-11ee-9961-969f99e46db2,4
0.8112305854241338,0.8112305998802185,0.8112305854241338,0.8112305854241338,0.8112305854241338,0.1586721803963746,0.49958894821595046,3715b14c-d98c-11ee-a7cd-969f99e46db2,9
0.7885304659498208,0.7885304689407349,0.7885304659498208,0.7885304659498208,0.7885304659498208,0.12588362553487298,0.6239878674269052,2f841b30-d98c-11ee-bae1-969f99e46db2,5
0.7789725209080047,0.7789725065231323,0.7789725209080047,0.7789725209080047,0.7789725209080047,0.1510125392142138,0.580735877251815,29eefd66-d98c-11ee-95fc-969f99e46db2,1
0.7921146953405018,0.7921146750450134,0.7921146953405018,0.7921146953405018,0.7921146953405018,0.12513151565603592,0.5945005611672278,35c804e8-d98c-11ee-981e-969f99e46db2,8
0.8207885304659498,0.8207885026931763,0.8207885304659498,0.8207885304659498,0.8207885304659498,0.10411495325920457,0.5927546032148543,340510c4-d98c-11ee-8e81-969f99e46db2,7
0.8183990442054958,0.8183990716934204,0.8183990442054958,0.8183990442054958,0.8183990442054958,0.21942323148511025,0.6270124552489977,2d83e072-d98c-11ee-9961-969f99e46db2,4
0.8219832735961768,0.821983277797699,0.8219832735961768,0.8219832735961768,0.8219832735961768,0.1809273754023206,0.6216863383530051,2c1e1d7e-d98c-11ee-bd3d-969f99e46db2,3
0.7992831541218638,0.7992831468582153,0.7992831541218638,0.7992831541218638,0.7992831541218638,0.20778377182022292,0.37892147466615556,31507e22-d98c-11ee-a79a-969f99e46db2,6
0.8016726403823178,0.801672637462616,0.8016726403823178,0.8016726403823178,0.8016726403823178,0.1203405833446821,0.6130190796857463,35c804e8-d98c-11ee-981e-969f99e46db2,8
0.8124253285543608,0.8124253153800964,0.8124253285543608,0.8124253285543608,0.8124253285543608,0.1576209990783756,0.49636833629968646,3715b14c-d98c-11ee-a7cd-969f99e46db2,9
0.7873357228195937,0.7873356938362122,0.7873357228195937,0.7873357228195937,0.7873357228195937,0.1358764928919735,0.6351441985244802,29eefd66-d98c-11ee-95fc-969f99e46db2,1
0.7741935483870968,0.774193525314331,0.7741935483870968,0.7741935483870968,0.7741935483870968,0.17620880642099657,0.5824905668331963,2af7b96e-d98c-11ee-be0e-969f99e46db2,2
0.7873357228195937,0.7873356938362122,0.7873357228195937,0.7873357228195937,0.7873357228195937,0.12124986545195553,0.6239878674269052,2f841b30-d98c-11ee-bae1-969f99e46db2,5
0.7813620071684588,0.781361997127533,0.7813620071684588,0.7813620071684588,0.7813620071684588,0.14534962315910344,0.635561909468507,29eefd66-d98c-11ee-95fc-969f99e46db2,1
0.8112305854241338,0.8112305998802185,0.8112305854241338,0.8112305854241338,0.8112305854241338,0.15686834787070197,0.5015891177218408,3715b14c-d98c-11ee-a7cd-969f99e46db2,9
0.7801672640382318,0.780167281627655,0.7801672640382318,0.7801672640382318,0.7801672640382318,0.20452333235621678,0.6026545669175152,2af7b96e-d98c-11ee-be0e-969f99e46db2,2
0.7861409796893668,0.7861409783363342,0.7861409796893668,0.7861409796893668,0.7861409796893668,0.09640129321549033,0.6273063170958195,2f841b30-d98c-11ee-bae1-969f99e46db2,5
0.8088410991636799,0.8088411092758179,0.8088410991636799,0.8088410991636799,0.8088410991636799,0.2075839750083266,0.6074431367504878,2d83e072-d98c-11ee-9961-969f99e46db2,4
0.8136200716845878,0.8136200904846191,0.8136200716845878,0.8136200716845878,0.8136200716845878,0.09840820868803835,0.5932195032613443,340510c4-d98c-11ee-8e81-969f99e46db2,7
0.7980884109916367,0.7980884313583374,0.7980884109916367,0.7980884109916367,0.7980884109916367,0.1515626880997725,0.38350052179839417,31507e22-d98c-11ee-a79a-969f99e46db2,6
0.8124253285543608,0.8124253153800964,0.8124253285543608,0.8124253285543608,0.8124253285543608,0.17758844607065535,0.6216863383530051,2c1e1d7e-d98c-11ee-bd3d-969f99e46db2,3
0.7968936678614098,0.7968936562538147,0.7968936678614098,0.7968936678614098,0.7968936678614098,0.12284507806189394,0.6134399551066217,35c804e8-d98c-11ee-981e-969f99e46db2,8
0.7992831541218638,0.7992831468582153,0.7992831541218638,0.7992831541218638,0.7992831541218638,0.13609155947679905,0.6398709315375982,35c804e8-d98c-11ee-981e-969f99e46db2,8
0.7956989247311828,0.7956989407539368,0.7956989247311828,0.7956989247311828,0.7956989247311828,0.1292709060269203,0.42014354780312224,31507e22-d98c-11ee-a79a-969f99e46db2,6
0.8172043010752689,0.8172042965888977,0.8172043010752689,0.8172043010752689,0.8172043010752689,0.0978270930658076,0.5932195032613443,340510c4-d98c-11ee-8e81-969f99e46db2,7
0.8148148148148148,0.8148148059844971,0.8148148148148148,0.8148148148148148,0.8148148148148148,0.2202688392620866,0.6296653589727099,2d83e072-d98c-11ee-9961-969f99e46db2,4
0.8124253285543608,0.8124253153800964,0.8124253285543608,0.8124253285543608,0.8124253285543608,0.17442774734056715,0.6233957400624068,2c1e1d7e-d98c-11ee-bd3d-969f99e46db2,3
0.8100358422939068,0.8100358247756958,0.8100358422939068,0.8100358422939068,0.8100358422939068,0.15980865603160943,0.5035892872277312,3715b14c-d98c-11ee-a7cd-969f99e46db2,9
0.7837514934289128,0.7837514877319336,0.7837514934289128,0.7837514934289128,0.7837514934289128,0.09640129321549033,0.6254230779244447,2f841b30-d98c-11ee-bae1-969f99e46db2,5
0.7801672640382318,0.780167281627655,0.7801672640382318,0.7801672640382318,0.7801672640382318,0.20915530352093673,0.6054640696473366,2af7b96e-d98c-11ee-be0e-969f99e46db2,2
0.7825567502986858,0.7825567722320557,0.7825567502986858,0.7825567502986858,0.7825567502986858,0.15051733785377744,0.6363973313565604,29eefd66-d98c-11ee-95fc-969f99e46db2,1
0.8088410991636799,0.8088411092758179,0.8088410991636799,0.8088410991636799,0.8088410991636799,0.23766360071987122,0.3786020062615807,31507e22-d98c-11ee-a79a-969f99e46db2,6
0.7897252090800478,0.7897251844406128,0.7897252090800478,0.7897252090800478,0.7897252090800478,0.22180174123922242,0.5240330874133691,29eefd66-d98c-11ee-95fc-969f99e46db2,1
0.8040621266427718,0.8040621280670166,0.8040621266427718,0.8040621266427718,0.8040621266427718,0.12201106187822679,0.6097923681257015,35c804e8-d98c-11ee-981e-969f99e46db2,8
0.8172043010752689,0.8172042965888977,0.8172043010752689,0.8172043010752689,0.8172043010752689,0.08987742945608401,0.5740921870628983,340510c4-d98c-11ee-8e81-969f99e46db2,7
0.7956989247311828,0.7956989407539368,0.7956989247311828,0.7956989247311828,0.7956989247311828,0.09801694981462183,0.6230918100792349,2f841b30-d98c-11ee-bae1-969f99e46db2,5
0.8219832735961768,0.821983277797699,0.8219832735961768,0.8219832735961768,0.8219832735961768,0.14451076180753525,0.5281464530892449,3715b14c-d98c-11ee-a7cd-969f99e46db2,9
0.8148148148148148,0.8148148059844971,0.8148148148148148,0.8148148148148148,0.8148148148148148,0.18665501717131197,0.582885632885633,2c1e1d7e-d98c-11ee-bd3d-969f99e46db2,3
0.8160095579450418,0.8160095810890198,0.8160095579450418,0.8160095579450418,0.8160095579450418,0.22293301370878896,0.6036165241065877,2d83e072-d98c-11ee-9961-969f99e46db2,4
0.7849462365591398,0.7849462628364563,0.7849462365591398,0.7849462365591398,0.7849462365591398,0.14193413952574221,0.49006197432492254,2af7b96e-d98c-11ee-be0e-969f99e46db2,2
0.7956989247311828,0.7956989407539368,0.7956989247311828,0.7956989247311828,0.7956989247311828,0.16299031602692063,0.37749451579238813,31507e22-d98c-11ee-a79a-969f99e46db2,6
0.8195937873357229,0.8195937871932983,0.8195937873357229,0.8195937873357229,0.8195937873357229,0.21337261226614368,0.6300565952794392,2d83e072-d98c-11ee-9961-969f99e46db2,4
0.7849462365591398,0.7849462628364563,0.7849462365591398,0.7849462365591398,0.7849462365591398,0.14454267134219353,0.636815042300587,29eefd66-d98c-11ee-95fc-969f99e46db2,1
0.8136200716845878,0.8136200904846191,0.8136200716845878,0.8136200716845878,0.8136200716845878,0.1586721803963746,0.49875836935333495,3715b14c-d98c-11ee-a7cd-969f99e46db2,9
0.8172043010752689,0.8172042965888977,0.8172043010752689,0.8172043010752689,0.8172043010752689,0.09561211126707891,0.5922897031683643,340510c4-d98c-11ee-8e81-969f99e46db2,7
0.7849462365591398,0.7849462628364563,0.7849462365591398,0.7849462365591398,0.7849462365591398,0.09810588797879548,0.6254230779244447,2f841b30-d98c-11ee-bae1-969f99e46db2,5
0.7849462365591398,0.7849462628364563,0.7849462365591398,0.7849462365591398,0.7849462365591398,0.1201174008987686,0.602058432934927,2af7b96e-d98c-11ee-be0e-969f99e46db2,2
0.8136200716845878,0.8136200904846191,0.8136200716845878,0.8136200716845878,0.8136200716845878,0.16073894640077596,0.6057047890381223,2c1e1d7e-d98c-11ee-bd3d-969f99e46db2,3
0.8040621266427718,0.8040621280670166,0.8040621266427718,0.8040621266427718,0.8040621266427718,0.12023616029296978,0.6141414141414141,35c804e8-d98c-11ee-981e-969f99e46db2,8
0.8112305854241338,0.8112305998802185,0.8112305854241338,0.8112305854241338,0.8112305854241338,0.17057075130905236,0.5695495862162528,2c1e1d7e-d98c-11ee-bd3d-969f99e46db2,3
0.7861409796893668,0.7861409783363342,0.7861409796893668,0.7861409796893668,0.7861409796893668,0.08632706455736888,0.6282023744434899,2f841b30-d98c-11ee-bae1-969f99e46db2,5
0.8136200716845878,0.8136200904846191,0.8136200716845878,0.8136200716845878,0.8136200716845878,0.2097318390618902,0.6311874289879307,2d83e072-d98c-11ee-9961-969f99e46db2,4
0.7873357228195937,0.7873356938362122,0.7873357228195937,0.7873357228195937,0.7873357228195937,0.15089498972381885,0.6407803546424747,29eefd66-d98c-11ee-95fc-969f99e46db2,1
0.7909199522102748,0.7909199595451355,0.7909199522102748,0.7909199522102748,0.7909199522102748,0.16670137421780493,0.3804975187953911,31507e22-d98c-11ee-a79a-969f99e46db2,6
0.8183990442054958,0.8183990716934204,0.8183990442054958,0.8183990442054958,0.8183990442054958,0.09037700162794916,0.6205323809926321,340510c4-d98c-11ee-8e81-969f99e46db2,7
0.7801672640382318,0.780167281627655,0.7801672640382318,0.7801672640382318,0.7801672640382318,0.21369422723530337,0.6039825881658551,2af7b96e-d98c-11ee-be0e-969f99e46db2,2
0.8016726403823178,0.801672637462616,0.8016726403823178,0.8016726403823178,0.8016726403823178,0.13951734960720832,0.6191919191919192,35c804e8-d98c-11ee-981e-969f99e46db2,8
0.8088410991636799,0.8088411092758179,0.8088410991636799,0.8088410991636799,0.8088410991636799,0.16073189587375467,0.5019789812695991,3715b14c-d98c-11ee-a7cd-969f99e46db2,9
0.8100358422939068,0.8100358247756958,0.8100358422939068,0.8100358422939068,0.8100358422939068,0.18369870474345665,0.5880681047347714,2c1e1d7e-d98c-11ee-bd3d-969f99e46db2,3
0.7980884109916367,0.7980884313583374,0.7980884109916367,0.7980884109916367,0.7980884109916367,0.13909958939647435,0.4202180904308564,31507e22-d98c-11ee-a79a-969f99e46db2,6
0.8088410991636799,0.8088411092758179,0.8088410991636799,0.8088410991636799,0.8088410991636799,0.224119586063122,0.6323611379081184,2d83e072-d98c-11ee-9961-969f99e46db2,4
0.7945041816009558,0.7945041656494141,0.7945041816009558,0.7945041816009558,0.7945041816009558,0.13637228220611275,0.6177890011223345,35c804e8-d98c-11ee-981e-969f99e46db2,8
0.7753882915173238,0.7753883004188538,0.7753882915173238,0.7753882915173238,0.7753882915173238,0.1503570218458789,0.6379622765834774,29eefd66-d98c-11ee-95fc-969f99e46db2,1
0.7813620071684588,0.781361997127533,0.7813620071684588,0.7813620071684588,0.7813620071684588,0.09540048346463785,0.6282023744434899,2f841b30-d98c-11ee-bae1-969f99e46db2,5
0.8064516129032258,0.8064516186714172,0.8064516129032258,0.8064516129032258,0.8064516129032258,0.09244706025580583,0.6051242651661062,340510c4-d98c-11ee-8e81-969f99e46db2,7
0.7789725209080047,0.7789725065231323,0.7789725209080047,0.7789725209080047,0.7789725209080047,0.22444540141015623,0.5239014313117898,2af7b96e-d98c-11ee-be0e-969f99e46db2,2
0.8064516129032258,0.8064516186714172,0.8064516129032258,0.8064516129032258,0.8064516129032258,0.14378454932438373,0.4645520806848038,3715b14c-d98c-11ee-a7cd-969f99e46db2,9
0.8148148148148148,0.8148148059844971,0.8148148148148148,0.8148148148148148,0.8148148148148148,0.10420950268985428,0.621462181085612,340510c4-d98c-11ee-8e81-969f99e46db2,7
0.8064516129032258,0.8064516186714172,0.8064516129032258,0.8064516129032258,0.8064516129032258,0.14116513564604802,0.4641622171370455,3715b14c-d98c-11ee-a7cd-969f99e46db2,9
0.7945041816009558,0.7945041656494141,0.7945041816009558,0.7945041816009558,0.7945041816009558,0.1493042889255923,0.42014354780312224,31507e22-d98c-11ee-a79a-969f99e46db2,6
0.8172043010752689,0.8172042965888977,0.8172043010752689,0.8172043010752689,0.8172043010752689,0.22364343712421833,0.6319699016013892,2d83e072-d98c-11ee-9961-969f99e46db2,4
0.8124253285543608,0.8124253153800964,0.8124253285543608,0.8124253285543608,0.8124253285543608,0.17661172501653538,0.5661307827974494,2c1e1d7e-d98c-11ee-bd3d-969f99e46db2,3
0.7837514934289128,0.7837514877319336,0.7837514934289128,0.7837514934289128,0.7837514934289128,0.21353683784870356,0.6054640696473366,2af7b96e-d98c-11ee-be0e-969f99e46db2,2
0.7825567502986858,0.7825567722320557,0.7825567502986858,0.7825567502986858,0.7825567502986858,0.1450800974250246,0.638797698471531,29eefd66-d98c-11ee-95fc-969f99e46db2,1
0.7968936678614098,0.7968936562538147,0.7968936678614098,0.7968936678614098,0.7968936678614098,0.1341312459252042,0.6165263748597082,35c804e8-d98c-11ee-981e-969f99e46db2,8
0.7849462365591398,0.7849462628364563,0.7849462365591398,0.7849462365591398,0.7849462365591398,0.09781833192463864,0.628650403117325,2f841b30-d98c-11ee-bae1-969f99e46db2,5
0.7909199522102748,0.7909199595451355,0.7909199522102748,0.7909199522102748,0.7909199522102748,0.08362866234923949,0.6095500620514289,2f841b30-d98c-11ee-bae1-969f99e46db2,5
0.8112305854241338,0.8112305998802185,0.8112305854241338,0.8112305854241338,0.8112305854241338,0.14426891853421736,0.4315535214848716,3715b14c-d98c-11ee-a7cd-969f99e46db2,9
0.7968936678614098,0.7968936562538147,0.7968936678614098,0.7968936678614098,0.7968936678614098,0.21461790405517597,0.41295550870018954,31507e22-d98c-11ee-a79a-969f99e46db2,6
0.8088410991636799,0.8088411092758179,0.8088410991636799,0.8088410991636799,0.8088410991636799,0.12422604881126485,0.6144219977553311,35c804e8-d98c-11ee-981e-969f99e46db2,8
0.7837514934289128,0.7837514877319336,0.7837514934289128,0.7837514934289128,0.7837514934289128,0.15257005547267283,0.48961930057547587,2af7b96e-d98c-11ee-be0e-969f99e46db2,2
0.8195937873357229,0.8195937871932983,0.8195937873357229,0.8195937873357229,0.8195937873357229,0.0952022908730199,0.6023348648871661,340510c4-d98c-11ee-8e81-969f99e46db2,7
0.8112305854241338,0.8112305998802185,0.8112305854241338,0.8112305854241338,0.8112305854241338,0.17724860997238281,0.5634852801519468,2c1e1d7e-d98c-11ee-bd3d-969f99e46db2,3
0.7897252090800478,0.7897251844406128,0.7897252090800478,0.7897252090800478,0.7897252090800478,0.15899101930393308,0.6351441985244802,29eefd66-d98c-11ee-95fc-969f99e46db2,1
0.8160095579450418,0.8160095810890198,0.8160095579450418,0.8160095579450418,0.8160095579450418,0.23776494221365005,0.6032252877998585,2d83e072-d98c-11ee-9961-969f99e46db2,4
0.8028673835125448,0.8028674125671387,0.8028673835125448,0.8028673835125448,0.8028673835125448,0.12931758203882443,0.6204545454545455,35c804e8-d98c-11ee-981e-969f99e46db2,8
0.8088410991636799,0.8088411092758179,0.8088410991636799,0.8088410991636799,0.8088410991636799,0.14902337668105511,0.4657216713280786,3715b14c-d98c-11ee-a7cd-969f99e46db2,9
0.8076463560334528,0.8076463341712952,0.8076463560334528,0.8076463560334528,0.8076463560334528,0.17298269924105636,0.5493216659883327,2c1e1d7e-d98c-11ee-bd3d-969f99e46db2,3
0.7765830346475507,0.7765830159187317,0.7765830346475507,0.7765830346475507,0.7765830346475507,0.2217336306269464,0.4784799426632096,2af7b96e-d98c-11ee-be0e-969f99e46db2,2
0.7909199522102748,0.7909199595451355,0.7909199522102748,0.7909199522102748,0.7909199522102748,0.16705962774594663,0.38199902029689264,31507e22-d98c-11ee-a79a-969f99e46db2,6
0.8016726403823178,0.801672637462616,0.8016726403823178,0.8016726403823178,0.8016726403823178,0.10067403123545417,0.6037295650266361,340510c4-d98c-11ee-8e81-969f99e46db2,7
0.7885304659498208,0.7885304689407349,0.7885304659498208,0.7885304659498208,0.7885304659498208,0.0929921036888801,0.6282023744434899,2f841b30-d98c-11ee-bae1-969f99e46db2,5
0.7813620071684588,0.781361997127533,0.7813620071684588,0.7813620071684588,0.7813620071684588,0.17495854360270116,0.638797698471531,29eefd66-d98c-11ee-95fc-969f99e46db2,1
0.8100358422939068,0.8100358247756958,0.8100358422939068,0.8100358422939068,0.8100358422939068,0.2276986007637908,0.6101389156858962,2d83e072-d98c-11ee-9961-969f99e46db2,4
0.8088410991636799,0.8088411092758179,0.8088410991636799,0.8088410991636799,0.8088410991636799,0.11257301705179228,0.5220024372198285,e4ab68c0-d990-11ee-b61a-969f99e46db2,4
0.7885304659498208,0.7885304689407349,0.7885304659498208,0.7885304659498208,0.7885304659498208,0.21092504109331303,0.341895836480674,eb0ed1ca-d990-11ee-ae55-969f99e46db2,8
0.7921146953405018,0.7921146750450134,0.7921146953405018,0.7921146953405018,0.7921146953405018,0.10046904595704174,0.5549392736892735,e03f594a-d990-11ee-8643-969f99e46db2,1
0.8124253285543608,0.8124253153800964,0.8124253285543608,0.8124253285543608,0.8124253285543608,0.18898836851817338,0.4819045362755385,e3b50584-d990-11ee-8a15-969f99e46db2,3
0.8195937873357229,0.8195937871932983,0.8195937873357229,0.8195937873357229,0.8195937873357229,0.12275781485564992,0.5324324324324324,e4ab68c0-d990-11ee-b61a-969f99e46db2,4
0.8076463560334528,0.8076463341712952,0.8076463560334528,0.8076463560334528,0.8076463560334528,0.22166453087069904,0.450473729543497,e91306e8-d990-11ee-8986-969f99e46db2,7
0.8172043010752689,0.8172042965888977,0.8172043010752689,0.8172043010752689,0.8172043010752689,0.14278912392307383,0.5722407525686214,e233ae72-d990-11ee-939b-969f99e46db2,2
0.8004778972520908,0.800477921962738,0.8004778972520908,0.8004778972520908,0.8004778972520908,0.16214482550338497,0.4234865900383142,ec9a0ae6-d990-11ee-9b9e-969f99e46db2,9
0.8124253285543608,0.8124253153800964,0.8124253285543608,0.8124253285543608,0.8124253285543608,0.11437282458635513,0.5225616921269095,e4ab68c0-d990-11ee-b61a-969f99e46db2,4
0.8279569892473119,0.8279569745063782,0.8279569892473119,0.8279569892473119,0.8279569892473119,0.15848127709765716,0.5102996740792016,e63de604-d990-11ee-b4cd-969f99e46db2,5
0.8100358422939068,0.8100358247756958,0.8100358422939068,0.8100358422939068,0.8100358422939068,0.10125678512997598,0.5245462854158506,e4ab68c0-d990-11ee-b61a-969f99e46db2,4
0.7945041816009558,0.7945041656494141,0.7945041816009558,0.7945041816009558,0.7945041816009558,0.06747095333047734,0.5544657888407888,e03f594a-d990-11ee-8643-969f99e46db2,1
0.8028673835125448,0.8028674125671387,0.8028673835125448,0.8028673835125448,0.8028673835125448,0.08290314678308623,0.5497835497835497,e03f594a-d990-11ee-8643-969f99e46db2,1
0.8243727598566308,0.8243727684020996,0.8243727598566308,0.8243727598566308,0.8243727598566308,0.1957750106422853,0.6048797893060188,e233ae72-d990-11ee-939b-969f99e46db2,2
0.8195937873357229,0.8195937871932983,0.8195937873357229,0.8195937873357229,0.8195937873357229,0.09986594239020692,0.5205770988379684,e4ab68c0-d990-11ee-b61a-969f99e46db2,4
0.8183990442054958,0.8183990716934204,0.8183990442054958,0.8183990442054958,0.8183990442054958,0.21473365168960554,0.522336564157792,e7f062c4-d990-11ee-bc80-969f99e46db2,6
0.8243727598566308,0.8243727684020996,0.8243727598566308,0.8243727598566308,0.8243727598566308,0.0899818125060456,0.5473886930408669,e4ab68c0-d990-11ee-b61a-969f99e46db2,4
0.7992831541218638,0.7992831468582153,0.7992831541218638,0.7992831541218638,0.7992831541218638,0.1066834227255568,0.5309117965367967,e03f594a-d990-11ee-8643-969f99e46db2,1
0.8172043010752689,0.8172042965888977,0.8172043010752689,0.8172043010752689,0.8172043010752689,0.13131923967744555,0.45815380597989297,e4ab68c0-d990-11ee-b61a-969f99e46db2,4
0.7992831541218638,0.7992831468582153,0.7992831541218638,0.7992831541218638,0.7992831541218638,0.10685874472602538,0.5438386844636844,e03f594a-d990-11ee-8643-969f99e46db2,1
0.8195937873357229,0.8195937871932983,0.8195937873357229,0.8195937873357229,0.8195937873357229,0.14878754378139092,0.4625538582060321,e4ab68c0-d990-11ee-b61a-969f99e46db2,4
0.8016726403823178,0.801672637462616,0.8016726403823178,0.8016726403823178,0.8016726403823178,0.09514060334367118,0.5309117965367967,e03f594a-d990-11ee-8643-969f99e46db2,1
0.8100358422939068,0.8100358247756958,0.8100358422939068,0.8100358422939068,0.8100358422939068,0.108504044535118,0.5454695767195767,e03f594a-d990-11ee-8643-969f99e46db2,1
0.8291517323775388,0.8291517496109009,0.8291517323775388,0.8291517323775388,0.8291517323775388,0.1273143048535129,0.48732863298080686,e4ab68c0-d990-11ee-b61a-969f99e46db2,4
0.8004778972520908,0.800477921962738,0.8004778972520908,0.8004778972520908,0.8004778972520908,0.0903069953886689,0.5352257696007696,e03f594a-d990-11ee-8643-969f99e46db2,1
0.8279569892473119,0.8279569745063782,0.8279569892473119,0.8279569892473119,0.8279569892473119,0.13770163918017544,0.4992884188536363,e4ab68c0-d990-11ee-b61a-969f99e46db2,4
0.8052568697729988,0.8052568435668945,0.8052568697729988,0.8052568697729988,0.8052568697729988,0.09544133595957456,0.5317535473785474,e03f594a-d990-11ee-8643-969f99e46db2,1
0.8279569892473119,0.8279569745063782,0.8279569892473119,0.8279569892473119,0.8279569892473119,0.131724544432655,0.49129781955868906,e4ab68c0-d990-11ee-b61a-969f99e46db2,4
0.8040621266427718,0.8040621280670166,0.8040621266427718,0.8040621266427718,0.8040621266427718,0.1051500961935762,0.548941798941799,e03f594a-d990-11ee-8643-969f99e46db2,1
0.8243727598566308,0.8243727684020996,0.8243727598566308,0.8243727598566308,0.8243727598566308,0.16797241103849073,0.43375767071419247,e4ab68c0-d990-11ee-b61a-969f99e46db2,4
0.8231780167264038,0.8231779932975769,0.8231780167264038,0.8231780167264038,0.8231780167264038,0.12836032820419513,0.48486094790442613,e4ab68c0-d990-11ee-b61a-969f99e46db2,4
0.8112305854241338,0.8112305998802185,0.8112305854241338,0.8112305854241338,0.8112305854241338,0.10961048097551619,0.5498361592111592,e03f594a-d990-11ee-8643-969f99e46db2,1
0.8052568697729988,0.8052568435668945,0.8052568697729988,0.8052568697729988,0.8052568697729988,0.10255656805071654,0.5202696608946609,e03f594a-d990-11ee-8643-969f99e46db2,1
0.8267622461170848,0.8267622590065002,0.8267622461170848,0.8267622461170848,0.8267622461170848,0.10751928079897656,0.5180571876224049,e4ab68c0-d990-11ee-b61a-969f99e46db2,4
0.8112305854241338,0.8112305998802185,0.8112305854241338,0.8112305854241338,0.8112305854241338,0.08256971595969505,0.5481000481000481,e03f594a-d990-11ee-8643-969f99e46db2,1
0.8327359617682198,0.8327359557151794,0.8327359617682198,0.8327359617682198,0.8327359617682198,0.11518749558993467,0.5439025982504243,e4ab68c0-d990-11ee-b61a-969f99e46db2,4
0.8136200716845878,0.8136200904846191,0.8136200716845878,0.8136200716845878,0.8136200716845878,0.0859929910903929,0.5399606180856181,e03f594a-d990-11ee-8643-969f99e46db2,1
0.8231780167264038,0.8231779932975769,0.8231780167264038,0.8231780167264038,0.8231780167264038,0.1281186640393733,0.48926100013056534,e4ab68c0-d990-11ee-b61a-969f99e46db2,4
0.7980884109916367,0.7980884313583374,0.7980884109916367,0.7980884109916367,0.7980884109916367,0.08392899598615575,0.5309117965367967,e03f594a-d990-11ee-8643-969f99e46db2,1
0.8255675029868578,0.8255674839019775,0.8255675029868578,0.8255675029868578,0.8255675029868578,0.131724544432655,0.4897963180571876,e4ab68c0-d990-11ee-b61a-969f99e46db2,4
